{
  "trajectory": {
    "start": [
      -312226.05916919775,
      3513523.9612775166,
      5922051.6774795065
    ],
    "end": [
      710743.4188161811,
      2986689.29775893,
      5300589.694331993
    ],
    "direction": [
      0.7822302637574007,
      -0.40285270154128255,
      -0.47521102188703274
    ],
    "entry_altitude_km": 521.9697380181076,
    "terminal_altitude_km": -245.50244662551674,
    "trajectory_length_km": 1307.7600361198001,
    "entry_angle_deg": 49.529903725144536,
    "convergence_angle_Q": 131.33390980519084,
    "median_residual_arcsec": 34016.918613626614,
    "rms_residual_arcsec": 52996.79215316824,
    "station_residuals": {
      "Stockholm-A": {
        "residuals": [
          63289.444927955876,
          61977.571592639084,
          60586.308319712676,
          59153.94934657783,
          57733.837199500274,
          56364.8440084705,
          54909.866558879876,
          53382.92310300732,
          51866.33666975371,
          50374.71888547425,
          48798.704433399245,
          47202.56438932354,
          45590.43664808936,
          43963.881523929536,
          42256.02156746275,
          40513.24681559017,
          38807.65489821672,
          37047.77288895804,
          35256.34010136836,
          33431.810855068754,
          31594.555817165223,
          29654.92508589426,
          27753.823603232384,
          25842.682486631773,
          23839.553683831473,
          21804.965769295006,
          19786.187404612512,
          17645.621094611422,
          15552.890823590911,
          13379.064044571334,
          11246.277120169076,
          9094.995346936534,
          6960.790770832246,
          5026.08014928969,
          3626.9684011495256,
          3599.256229082525,
          5067.233116133696,
          7190.65864777717,
          9600.558627917415,
          12193.353917829123,
          14847.180361279863,
          17617.002107667515,
          20456.983349787253,
          23396.146406917294,
          26393.66975621056,
          29454.086576139587,
          32607.868541029577,
          35842.15497768906,
          39169.7455026202,
          42567.254065372435,
          46062.80753127376,
          49655.67152153214,
          53362.96226806667,
          57159.43438273649,
          61043.98646471438,
          65066.34764551703,
          69219.72770519537,
          73479.66637442239,
          77864.96308576691,
          82401.93665682405,
          87061.74450241931,
          91895.58271468533,
          96864.67294716729,
          102029.64950761327,
          107356.2778231966,
          112839.45488307634,
          118537.72242241168,
          124441.24709900272,
          130545.51503647586,
          136873.84003436012,
          143411.37204986086,
          150175.03785278316,
          157190.97344069678,
          164450.8581226121,
          171936.7513726039,
          179681.05660792562,
          187682.9609375162,
          195923.7812617007
        ],
        "frames": 78,
        "is_outlier": false,
        "mean_residual": 59737.65090731796,
        "rms_residual": 76977.98809130462
      },
      "Oslo-B": {
        "residuals": [
          70331.5558776523,
          68116.08982193793,
          65915.37380809471,
          63749.76601851326,
          61585.14794038266,
          59401.86094813561,
          57261.628411424754,
          55118.452466616596,
          52991.68319398956,
          50862.75807306064,
          48743.7715174449,
          46609.51417660136,
          44559.19945085382,
          42457.92564747263,
          40389.45534628879,
          38330.84430063122,
          36303.85597917849,
          34228.242422693016,
          32204.335810004868,
          30204.01716785133,
          28127.890437179703,
          26188.93699866899,
          24146.21071022829,
          22186.202871474303,
          20203.771406935808,
          18267.832216029725,
          16353.988538335232,
          14414.570160513515,
          12566.782413195746,
          10670.99637299688,
          8853.51373481242,
          7089.811906826155,
          5521.0123701260745,
          4213.910297977759,
          3491.672653242059,
          3726.497852679209,
          4774.757335453682,
          6237.245205040814,
          7848.678421833982,
          9541.83909460157,
          11308.234330802885,
          13096.681554141955,
          14891.027661544453,
          16673.758312759237,
          18471.84526377882,
          20248.96456176736,
          21996.708454489966,
          23775.754248587746,
          25553.08076394801,
          27347.037678512683,
          29107.64163384516,
          30837.552052614134,
          32590.32168750651,
          34355.70413719757,
          36067.62109764616,
          37775.37216216641,
          39526.57587424482,
          41261.20757621925,
          42900.481773644475,
          44613.534287719354,
          46303.88359171523,
          47986.074623904606,
          49678.9148979415,
          51323.09795531534,
          52976.121567849725,
          54634.79154790636,
          56279.41651534816,
          57867.42604680907,
          59521.5207679699
        ],
        "frames": 69,
        "is_outlier": false,
        "mean_residual": 33228.434087027206,
        "rms_residual": 38188.468312892335
      },
      "Helsinki-C": {
        "residuals": [
          55036.98375866326,
          53601.61496324358,
          52147.568709001775,
          50706.55964114051,
          49300.8769368428,
          47859.354279590734,
          46405.16107595282,
          45002.0438683103,
          43554.65817623156,
          42137.57829215002,
          40713.1255965639,
          39308.375388225046,
          37893.73837385941,
          36485.5692928269,
          35085.27339828783,
          33663.58453307846,
          32274.35064652526,
          30862.273490792315,
          29475.91597411147,
          28057.13736034841,
          26665.524650171254,
          25275.874785258246,
          23891.134759972418,
          22529.57162910843,
          21152.30231797089,
          19793.602439743456,
          18450.6260599294,
          17041.61301275054,
          15690.579336165281,
          14338.722612179337,
          12982.72903771634,
          11605.787132238987,
          10277.334764513542,
          8888.892892408603,
          7587.379712253161,
          6244.598830897879,
          4929.59943981165,
          3598.3757246334158,
          2333.5252923613593,
          1181.3814056112703,
          995.7878031324432,
          2011.454383596401,
          3287.061420390959,
          4527.524532216952,
          5855.637767922161,
          7092.795969116099,
          8410.874081489423,
          9763.166393321513,
          10990.610381256742,
          12306.13619212981,
          13585.267360157084,
          14904.736359963998,
          16198.806915860427,
          17460.817018792528,
          18742.979526690593,
          20016.420665121812,
          21270.260737801,
          22565.956186976797,
          23787.806538170542,
          25030.962837081675,
          26348.92834629562,
          27553.2872151046,
          28839.04549067406,
          30093.08263073691,
          31308.53670018865,
          32548.447265460927,
          33805.59480456021,
          35023.317634405365,
          36229.26098669561,
          37468.64983682137,
          38728.18503488393,
          39918.692399647494,
          41101.32811839524,
          42366.3566415788,
          43565.43632301965,
          44761.98681009002,
          45926.786560946704,
          47157.64557662435,
          48347.564977791626,
          49490.41520615977,
          50741.05674370109,
          51922.537094895335,
          53049.939705777746
        ],
        "frames": 83,
        "is_outlier": false,
        "mean_residual": 27459.42222610947,