{
  "trajectory": {
    "start": [
      3074961.18905668,
      -3093163.3535532053,
      5291131.152458462
    ],
    "end": [
      3064001.5106705953,
      -2774859.9509439967,
      4700195.570294725
    ],
    "direction": [
      -0.016326081537544883,
      0.47416056581313387,
      -0.8802870082475364
    ],
    "entry_altitude_km": 486.04854281240983,
    "terminal_altitude_km": -111.62372086780798,
    "trajectory_length_km": 671.298765774317,
    "entry_angle_deg": 25.779975607237507,
    "convergence_angle_Q": 139.22897597698767,
    "median_residual_arcsec": 36813.682416786854,
    "rms_residual_arcsec": 53895.10248706079,
    "station_residuals": {
      "Zwiesel-A": {
        "residuals": [
          108989.37961861883,
          106431.05468154234,
          103924.08613501895,
          101362.39606052334,
          98829.56312073964,
          96370.92395825151,
          93788.04337185525,
          91295.41890493025,
          88719.46353863302,
          86255.27127084933,
          83727.14441029936,
          81177.48261137876,
          78690.14252435415,
          76201.1940436041,
          73673.04779374886,
          71212.4147464306,
          68706.18882934825,
          66182.93143428005,
          63747.11522546992,
          61240.45366785597,
          58770.65765997688,
          56282.58293304272,
          53846.27279228946,
          51388.104792956845,
          48935.91387821084,
          46481.36514490159,
          44024.62426597026,
          41590.92740614739,
          39229.440309163954,
          36754.08862162781,
          34358.146772868866,
          31978.327321783712,
          29583.2896531545,
          27211.950290487348,
          24842.707818313076,
          22493.69979260513,
          20158.659696181574,
          17829.209034947202,
          15518.52047946455,
          13270.963132733963,
          11017.587769695172,
          8932.69800902608,
          6915.178666253264,
          5246.670264378747,
          4249.050908319402,
          4415.320757734799,
          5566.509927226359,
          7344.927254400418,
          9362.190763508308,
          11466.085780335054,
          13563.078164396371,
          15736.597202095048,
          17984.560677629175,
          20129.20619457572,
          22356.44235977545,
          24577.53298139922,
          26772.920391904387,
          28978.878785504872,
          31170.313267427584,
          33358.87719921718,
          35540.151930009415,
          37705.30578359379,
          39878.203022447575,
          42056.91121079097,
          44173.96351734323,
          46341.04089800381,
          48483.6492057013,
          50631.93004603802,
          52746.30204561001,
          54856.76304990429,
          56955.24419900699,
          59047.673058756576,
          61154.48862011552,
          63226.93652956794,
          65307.17694291223,
          67360.54287893818,
          69396.92879307955,
          71409.70658008955,
          73453.47901642243,
          75493.44393252661,
          77488.56601679619,
          79522.57420257211,
          81484.62904644612,
          83482.07478868305,
          85435.77463135294,
          87414.01222154367,
          89390.52009568755,
          91331.82775934464,
          93262.31081646727,
          95197.50862842984
        ],
        "frames": 90,
        "is_outlier": false,
        "mean_residual": 52260.527050417164,
        "rms_residual": 60071.303006471964
      },
      "M\u00fcnchen-B": {
        "residuals": [
          49739.332487056134,
          48874.221076510126,
          48000.03222907915,
          47164.07334361454,
          46272.21440313555,
          45468.95156436067,
          44628.37520344261,
          43746.42278056428,
          42904.28175997821,
          42055.27493148438,
          41171.04737405152,
          40313.21746041521,
          39452.28583724207,
          38612.83766840201,
          37727.36879209137,
          36813.682416786854,
          35960.81291918204,
          35047.82942169401,
          34161.46326037345,
          33271.29816637507,
          32420.058983915107,
          31532.076811388404,
          30639.5744353964,
          29752.6867605711,
          28881.413017542698,
          27968.34598874247,
          27097.73546882357,
          26151.76935240108,
          25263.547599271278,
          24384.163829206424,
          23432.49958776626,
          22578.958568302798,
          21603.011315242005,
          20742.426481434304,
          19805.0394521854,
          18924.251966991385,
          17940.535041062645,
          17039.900630429944,
          16138.674445082253,
          15192.974221375529,
          14280.505435478262,
          13337.784594897073,
          12382.799595738072,
          11505.812288427738,
          10551.099645965209,
          9613.6517529748,
          8649.957684858942,
          7691.167422740345,
          6719.940362598142,
          5810.944015710991,
          4850.4402173671415,
          3911.8984096213667,
          2960.7192576285033,
          1986.7684248810137,
          1030.6390351390846,
          112.0803165039623,
          909.8082016455262,
          1882.614856923754,
          2845.171209297264,
          3836.6839484355423,
          4794.536386636035,
          5779.496184609179,
          6749.665030166793,
          7763.752680186606,
          8725.451845999201,
          9730.73138437785,
          10700.817447619203,
          11695.850356746083,
          12695.478296344283,
          13716.242526568843,
          14679.565409623254,
          15694.321287905885,
          16724.495485866366,
          17736.84412485902,
          18728.22485866613,
          19761.52483094336,
          20774.28222425897,
          21781.174105172464,
          22815.94151812308,
          23826.26782874002,
          24874.568999601714,
          25877.584097897656,
          26918.067508980064,
          27964.814061037094,
          29015.448852370086,
          30027.324912234784,
          31099.60171287285,
          32143.948253566992,
          33171.5363328187
        ],
        "frames": 89,
        "is_outlier": false,
        "mean_residual": 22243.963059265116,
        "rms_residual": 26079.252636207835
      },